Trait	X_ID	s2	ML_logLik	cage.ML	beta.1	beta.2	REML_logLik	cage.REML	F.1	n_steps	Df_X	p_value_REML
y	1_41987245	0.0428465785237222	7.27091425717992	0	0.841602773605194	-0.293455477622163	5.95866183870847	0	39.6156252297038	1	1	2.25012333842104e-07
y	1_42031168	0.0436099893969376	6.91770536478873	0	0.89325037149522	-0.277986890648457	5.62311339093685	0	38.2569316585486	1	1	3.17207417973604e-07
y	1_42031187	0.0437367476033349	6.85965703935151	0	0.893727147593607	-0.275612027305936	5.56796748177149	0	38.0359231837057	1	1	3.35632811265449e-07
y	1_42031224	0.0448132597235591	6.37334870718698	0	0.822555284702128	-0.262772461361702	5.10597456621518	0	36.2093746713986	1	1	5.38792273545302e-07
y	1_42076205	0.045970100377355	5.86360627208259	0	0.835829515385666	-0.268031221478954	4.62171925286601	0	34.3418907893115	1	1	8.85405482680482e-07
y	1_42260929	0.0435558664274051	6.94254214335353	0	0.862797544893618	-0.289182617171465	5.64670833057341	0	38.3516893095226	1	1	3.09636837083131e-07
y	1_43054237	0.0460768320923281	5.81722481864623	0	0.806683762823299	-0.28351553809555	4.57765687210147	0	34.1743190679555	1	1	9.26369973257336e-07
y	2_170815062	0.0460509988043641	5.82844109863006	0	0.14676584234375	0.24808847546875	4.58831233808611	0	34.21480678845	1	1	9.16292699169368e-07
y	2_170878051	0.0457683873076226	5.95155775238018	0	0.166120951935349	0.257230396913452	4.70527315914872	0	34.6607201324402	1	1	8.12646668510143e-07
y	2_171104417	0.045090934033496	6.24980599743457	0	0.162317434788052	0.262653049626126	4.98860899195039	0	35.7523862025542	1	1	6.07685793448274e-07
y	2_171109438	0.0426590086171158	7.35866066709281	0	0.127637967528613	0.257159116120272	6.04202092812572	0	39.9568979420213	1	1	2.06620912694945e-07
y	7_29506084	0.0454902226440847	6.07348182076277	0	1.39472384666668	-0.506606703000007	4.82110102411218	0	35.1050275812349	1	1	7.21589915244066e-07
y	9_69129503	0.0459706264559681	5.86337739479118	0	0.874854748402982	-0.296996731514326	4.62150181943917	0	34.3410629232473	1	1	8.85603102363437e-07
y	9_69129518	0.0455222287946161	6.05941510732087	0	0.854093786401124	-0.286533858319262	4.80773764634238	0	35.053628285125	1	1	7.31550279398966e-07
y	9_69129524	0.0457671106469477	5.95211563897216	0	0.856613492362745	-0.278864449509804	4.7058031514111	0	34.6627469827852	1	1	8.12204825838983e-07
y	9_71703432	0.0459262749122428	5.88268230997703	0	0.749212930192539	-0.275808888856799	4.63984148886573	0	34.410923538364	1	1	8.69089108118995e-07
y	17_88049305	0.0455606577347574	6.04253863627968	0	0.790727836613395	-0.306526066233841	4.79170499885325	0	34.9920099141872	1	1	7.43682243062321e-07
